{
    "frame_index": {
        "min": [
            0
        ],
        "max": [
            745
        ],
        "mean": [
            163.75717836180002
        ],
        "std": [
            108.31664767845196
        ],
        "count": [
            18911
        ],
        "q01": [
            2.776526096036203
        ],
        "q10": [
            32.333408261777926
        ],
        "q50": [
            163.50424084395303
        ],
        "q90": [
            295.0709996489616
        ],
        "q99": [
            324.73783062756394
        ]
    },
    "index": {
        "min": [
            0
        ],
        "max": [
            18910
        ],
        "mean": [
            9455.0
        ],
        "std": [
            5459.135462690041
        ],
        "count": [
            18911
        ],
        "q01": [
            9294.019347734238
        ],
        "q10": [
            9323.576229899982
        ],
        "q50": [
            9454.747062482154
        ],
        "q90": [
            9586.31382128716
        ],
        "q99": [
            9615.980652265762
        ]
    },
    "action": {
        "min": [
            -54.35501480102539,
            -100.0,
            -75.08165740966797,
            -98.72557067871094,
            -9.548229217529297,
            0.07473841309547424
        ],
        "max": [
            12.67916202545166,
            54.652137756347656,
            100.0,
            99.15038299560547,
            14.529914855957031,
            32.73542785644531
        ],
        "mean": [
            -11.309071725077093,
            -42.48640421339423,
            40.48371410364831,
            7.247836010424313,
            1.2845582881864877,
            5.831133138571793
        ],
        "std": [
            14.624402441554505,
            49.67111809638197,
            52.14152299551689,
            76.49812056567637,
            2.665118082083223,
            6.288509878644848
        ],
        "count": [
            18911
        ],
        "q01": [
            -44.8159829094977,
            -98.40196722634681,
            -48.353660042368936,
            -97.6929165004746,
            -1.433593785049993,
            1.6879947445040093
        ],
        "q10": [
            -39.64413798497993,
            -97.91987592466488,
            -38.27141289930779,
            -97.15801931728306,
            -0.6221669957167467,
            1.9261649357920316
        ],
        "q50": [
            -5.878162335629096,
            -36.10117743101496,
            30.461338098576555,
            47.722320110988434,
            1.0731432566413088,
            3.108970518445443
        ],
        "q90": [
            -0.007061661347000903,
            21.055532148077695,
            99.98929049947166,
            84.06990989045661,
            3.39851151684887,
            15.544283928755101
        ],
        "q99": [
            2.0806149963837655,
            36.81747221423118,
            99.99892904994717,
            87.69568219833705,
            3.6683809105907463,
            21.442989985891007
        ]
    },
    "timestamp": {
        "min": [
            0.0
        ],
        "max": [
            24.833333333333332
        ],
        "mean": [
            5.458572612059998
        ],
        "std": [
            3.610554922615064
        ],
        "count": [
            18911
        ],
        "q01": [
            0.09255086977282771
        ],
        "q10": [
            1.077780275315009
        ],
        "q50": [
            5.4500995233812946
        ],
        "q90": [
            9.835699988376241
        ],
        "q99": [
            10.824594354347171
        ]
    },
    "observation.images.front": {
        "min": [
            [
                [
                    0.0
                ]
            ],
            [
                [
                    0.0
                ]
            ],
            [
                [
                    0.0
                ]
            ]
        ],
        "max": [
            [
                [
                    1.0
                ]
            ],
            [
                [
                    1.0
                ]
            ],
            [
                [
                    1.0
                ]
            ]
        ],
        "mean": [
            [
                [
                    0.5413910841362639
                ]
            ],
            [
                [
                    0.5265127453076285
                ]
            ],
            [
                [
                    0.5170062932633334
                ]
            ]
        ],
        "std": [
            [
                [
                    0.004439342430586957
                ]
            ],
            [
                [
                    0.0053138466707202065
                ]
            ],
            [
                [
                    0.008181193732175747
                ]
            ]
        ],
        "count": [
            6042
        ],
        "q01": [
            [
                [
                    0.09458450322758973
                ]
            ],
            [
                [
                    0.10403743919490861
                ]
            ],
            [
                [
                    0.07141197661665682
                ]
            ]
        ],
        "q10": [
            [
                [
                    0.2842179177942878
                ]
            ],
            [
                [
                    0.24733537969942598
                ]
            ],
            [
                [
                    0.23017832185199272
                ]
            ]
        ],
        "q50": [
            [
                [
                    0.5556627013707953
                ]
            ],
            [
                [
                    0.5399977922223076
                ]
            ],
            [
                [
                    0.5294119237874665
                ]
            ]
        ],
        "q90": [
            [
                [
                    0.75904818023226
                ]
            ],
            [
                [
                    0.7560307126491175
                ]
            ],
            [
                [
                    0.7591453108562557
                ]
            ]
        ],
        "q99": [
            [
                [
                    0.9689679204602989
                ]
            ],
            [
                [
                    0.9647189521145679
                ]
            ],
            [
                [
                    0.9607431264863618
                ]
            ]
        ]
    },
    "episode_index": {
        "min": [
            0
        ],
        "max": [
            59
        ],
        "mean": [
            28.063137856274125
        ],
        "std": [
            17.321724057965774
        ],
        "count": [
            18911
        ],
        "q01": [
            28.063137856274125
        ],
        "q10": [
            28.063137856274125
        ],
        "q50": [
            28.063137856274132
        ],
        "q90": [
            28.063137856274146
        ],
        "q99": [
            28.063137856274146
        ]
    },
    "task_index": {
        "min": [
            0
        ],
        "max": [
            0
        ],
        "mean": [
            0.0
        ],
        "std": [
            0.0
        ],
        "count": [
            18911
        ],
        "q01": [
            3.999999999999418e-16
        ],
        "q10": [
            3.999999999999416e-15
        ],
        "q50": [
            1.999999999999709e-14
        ],
        "q90": [
            3.5999999999994766e-14
        ],
        "q99": [
            3.959999999999424e-14
        ]
    },